normalized_lhs_key,change_bucket,develop_count,pr_count,develop_last_lhs,develop_last_rhs,develop_last_line,pr_last_lhs,pr_last_rhs,pr_last_line,notes
/docs#email_blacklist,modified,1,2,/docs#email_blacklist,/docs/api/endpoints/email/post_blocklist,350,/docs#email_blacklist/,/docs/api/endpoints/email/post_blocklist,4284,"develop 1 row(s), PR 2 row(s) | lhs string canonicalized"
/docs/#email_blacklist,removed_from_pr,1,0,/docs/#email_blacklist/,/docs/api/endpoints/email/post_blocklist,4289,"","","","develop 1 row(s), PR 0 row(s)"
/docs/api/api_key#how-can-i-use-it,removed_from_pr,1,0,/docs/api/api_key#how-can-i-use-it,/docs/api/basics,4348,"","","","develop 1 row(s), PR 0 row(s)"
/docs/api/api_key/#how-can-i-use-it,added_in_pr,0,1,"","","",/docs/api/api_key/#how-can-i-use-it,/docs/api/basics,4343,"develop 0 row(s), PR 1 row(s)"
/docs/cloning_canvases#limitations,removed_from_pr,1,0,/docs/cloning_canvases#limitations,/docs/user_guide/messaging/canvas/managing_canvases/cloning_canvases/#limitations,4332,"","","","develop 1 row(s), PR 0 row(s)"
/docs/cloning_canvases/#limitations,added_in_pr,0,1,"","","",/docs/cloning_canvases/#limitations,/docs/user_guide/messaging/canvas/managing_canvases/cloning_canvases/#limitations,4327,"develop 0 row(s), PR 1 row(s)"
/docs/cloud_ingestion#product-setup,removed_from_pr,1,0,/docs/cloud_ingestion#product-setup,/docs/user_guide/data/unification/cloud_ingestion/#product-setup,4334,"","","","develop 1 row(s), PR 0 row(s)"
/docs/cloud_ingestion/#product-setup,added_in_pr,0,1,"","","",/docs/cloud_ingestion/#product-setup,/docs/user_guide/data/unification/cloud_ingestion/#product-setup,4329,"develop 0 row(s), PR 1 row(s)"
/docs/developer_guide/authentication,modified,1,1,/docs/developer_guide/authentication,/docs/developer_guide/sdk_integration/authentication/,2218,/docs/developer_guide/authentication,/docs/developer_guide/sdk_integration/authentication,2216,semicolon fix
/docs/developer_guide/debugging,modified,1,1,/docs/developer_guide/debugging,/docs/developer_guide/sdk_integration/debugging/,2219,/docs/developer_guide/debugging,/docs/developer_guide/sdk_integration/debugging,2217,semicolon fix
/docs/developer_guide/platform_integration_guides/legacy_sdks/macos,modified,1,1,/docs/developer_guide/platform_integration_guides/legacy_sdks/macOS,/docs/developer_guide/platforms/legacy_sdks/macOS,1785,/docs/developer_guide/platform_integration_guides/legacy_sdks/macos,/docs/developer_guide/platforms/legacy_sdks/macOS,1783,lhs string canonicalized
/docs/developer_guide/platform_integration_guides/legacy_sdks/macos/initial_sdk_setup,modified,1,1,/docs/developer_guide/platform_integration_guides/legacy_sdks/macOS/initial_sdk_setup,/docs/developer_guide/platforms/legacy_sdks/macOS/initial_sdk_setup,1786,/docs/developer_guide/platform_integration_guides/legacy_sdks/macos/initial_sdk_setup,/docs/developer_guide/platforms/legacy_sdks/macOS/initial_sdk_setup,1784,lhs string canonicalized
/docs/help/push#android-push-category,removed_from_pr,1,0,/docs/help/push#android-push-category,/docs/user_guide/channels/push/platform_specific_resources/android/advanced_campaign_settings/#push-category,4358,"","","","develop 1 row(s), PR 0 row(s)"
/docs/help/push/#android-push-category,added_in_pr,0,1,"","","",/docs/help/push/#android-push-category,/docs/user_guide/channels/push/platform_specific_resources/android/advanced_campaign_settings/#push-category,4353,"develop 0 row(s), PR 1 row(s)"
/docs/partners/data_and_analytics/customer_data_platform/mparticle/mparticle,modified,1,1,/docs/partners/data_and_analytics/customer_data_platform/mparticle/mparticle,/docs/partners/data_and_analytics/customer_data_platform/mParticle/mparticle,4090,/docs/partners/data_and_analytics/customer_data_platform/mparticle/mparticle,/docs/partners/data_and_analytics/customer_data_platform/mparticle/mparticle,4085,""
/docs/partners/data_and_infrastructure_agility/cohort_import/mparticle,modified,1,1,/docs/partners/data_and_infrastructure_agility/cohort_import/mparticle,/docs/partners/data_and_analytics/customer_data_platform/mParticle/mparticle,722,/docs/partners/data_and_infrastructure_agility/cohort_import/mparticle,/docs/partners/data_and_analytics/customer_data_platform/mparticle/mparticle,721,""
/docs/partners/data_and_infrastructure_agility/customer_data_platform/mparticle,modified,1,1,/docs/partners/data_and_infrastructure_agility/customer_data_platform/mparticle,/docs/partners/data_and_analytics/customer_data_platform/mParticle/mparticle,2389,/docs/partners/data_and_infrastructure_agility/customer_data_platform/mparticle,/docs/partners/data_and_analytics/customer_data_platform/mparticle/mparticle,2386,""
/docs/partners/data_and_infrastructure_agility/customer_data_platform/mparticle/mparticle,develop_had_duplicate_norm_lhs,2,1,/docs/partners/data_and_infrastructure_agility/customer_data_platform/mParticle/mparticle,/docs/partners/data_and_analytics/customer_data_platform/mparticle,4367,/docs/partners/data_and_infrastructure_agility/customer_data_platform/mparticle/mparticle,/docs/partners/data_and_analytics/customer_data_platform/mparticle,4362,"develop 2 row(s), PR 1 row(s) | develop duplicate norm keys collapsed on PR | lhs string canonicalized"
/docs/partners/data_and_infrastructure_agility/customer_data_platform/mparticle/mparticle_for_currents,develop_had_duplicate_norm_lhs,2,1,/docs/partners/data_and_infrastructure_agility/customer_data_platform/mParticle/mparticle_for_currents,/docs/partners/data_and_analytics/customer_data_platform/mParticle/mparticle_for_currents,4368,/docs/partners/data_and_infrastructure_agility/customer_data_platform/mparticle/mparticle_for_currents,/docs/partners/data_and_analytics/customer_data_platform/mparticle/mparticle_for_currents,4363,"develop 2 row(s), PR 1 row(s) | develop duplicate norm keys collapsed on PR | lhs string canonicalized"
/docs/partners/data_and_infrastructure_agility/customer_data_platform/mparticle_for_currents,modified,1,1,/docs/partners/data_and_infrastructure_agility/customer_data_platform/mparticle_for_currents,/docs/partners/data_and_analytics/customer_data_platform/mParticle/mparticle_for_currents,721,/docs/partners/data_and_infrastructure_agility/customer_data_platform/mparticle_for_currents,/docs/partners/data_and_analytics/customer_data_platform/mparticle/mparticle_for_currents,720,""
/docs/partners/message_orchestration/channel_extensions/ecommerce/shopify/shopify_catalogs/back_in_stock,semicolon_only,1,1,/docs/partners/message_orchestration/channel_extensions/ecommerce/shopify/shopify_catalogs/back_in_stock,/docs/partners/ecommerce/shopify/shopify_catalogs/#back-in-stock-and-price-drop-use-cases,1051,/docs/partners/message_orchestration/channel_extensions/ecommerce/shopify/shopify_catalogs/back_in_stock,/docs/partners/ecommerce/shopify/shopify_catalogs/#back-in-stock-and-price-drop-use-cases,1050,semicolon fix
/docs/partners/technology_partners/data_and_infrastructure_agility/customer_data_platform/mparticle,modified,1,1,/docs/partners/technology_partners/data_and_infrastructure_agility/customer_data_platform/mparticle,/docs/partners/data_and_analytics/customer_data_platform/mParticle/mparticle,975,/docs/partners/technology_partners/data_and_infrastructure_agility/customer_data_platform/mparticle,/docs/partners/data_and_analytics/customer_data_platform/mparticle/mparticle,974,""
/docs/react_native/ios,develop_had_duplicate_norm_lhs,2,1,/docs/React_Native/iOS/,/docs/developer_guide/sdk_integration/?sdktab=react%20native&tab=ios,4290,/docs/react_native/ios,/docs/developer_guide/sdk_integration/?sdktab=react%20native&tab=ios,4285,"develop 2 row(s), PR 1 row(s) | develop duplicate norm keys collapsed on PR | lhs string canonicalized"
/docs/scim_api_appendix#permissions-object,removed_from_pr,1,0,/docs/scim_api_appendix#permissions-object,/docs/api/objects_filters/scim_api_appendix/#permissions-object,4342,"","","","develop 1 row(s), PR 0 row(s)"
/docs/scim_api_appendix/#permissions-object,added_in_pr,0,1,"","","",/docs/scim_api_appendix/#permissions-object,/docs/api/objects_filters/scim_api_appendix/#permissions-object,4337,"develop 0 row(s), PR 1 row(s)"
/docs/sdk_changelogs,develop_had_duplicate_norm_lhs,2,1,/docs/SDK_Changelogs/,/docs/developer_guide/changelogs,4291,/docs/sdk_changelogs,/docs/developer_guide/changelogs,4286,"develop 2 row(s), PR 1 row(s) | develop duplicate norm keys collapsed on PR | lhs string canonicalized"
/docs/user_guide/administrative/app_settings/company_settings/automateduser_provisioning,modified,1,1,/docs/user_guide/administrative/app_settings/company_settings/automateduser_provisioning/,/docs/user_guide/administer/global/user_management/automated_user_provisioning,4297,/docs/user_guide/administrative/app_settings/company_settings/automateduser_provisioning,/docs/user_guide/administer/global/user_management/automated_user_provisioning,4292,lhs string canonicalized
/docs/user_guide/administrative/app_settings/eventuser_log_tab,modified,1,1,/docs/user_guide/administrative/app_settings/eventuser_log_tab/,/docs/user_guide/administer/global/workspace_settings/logs_and_alerts/event_user_log,4298,/docs/user_guide/administrative/app_settings/eventuser_log_tab,/docs/user_guide/administer/global/workspace_settings/logs_and_alerts/event_user_log,4293,lhs string canonicalized
/docs/user_guide/administrative/app_settings/manage_your_brazeusers,modified,1,1,/docs/user_guide/administrative/app_settings/manage_your_brazeusers/,/docs/user_guide/administer/global/user_management/manage_company_users,4294,/docs/user_guide/administrative/app_settings/manage_your_brazeusers,/docs/user_guide/administer/global/user_management/manage_company_users,4289,lhs string canonicalized
/docs/user_guide/administrative/app_settings/manage_your_brazeusers/teams,modified,1,1,/docs/user_guide/administrative/app_settings/manage_your_brazeusers/teams/,/docs/user_guide/administer/global/user_management/teams,4296,/docs/user_guide/administrative/app_settings/manage_your_brazeusers/teams,/docs/user_guide/administer/global/user_management/teams,4291,lhs string canonicalized
/docs/user_guide/administrative/app_settings/manage_your_brazeusers/user_permissions,modified,1,1,/docs/user_guide/administrative/app_settings/manage_your_brazeusers/user_permissions/,/docs/user_guide/administer/global/user_management/permissions,4295,/docs/user_guide/administrative/app_settings/manage_your_brazeusers/user_permissions,/docs/user_guide/administer/global/user_management/permissions,4290,lhs string canonicalized
/docs/user_guide/analytics/dashboard,modified,1,1,/docs/user_guide/analytics/dashboard/,/docs/user_guide/analytics/dashboards,4577,/docs/user_guide/analytics/dashboard,/docs/user_guide/analytics/dashboards,4572,lhs string canonicalized
/docs/user_guide/brazeai/predictive_churn/messagingusers,modified,1,1,/docs/user_guide/brazeai/predictive_churn/messagingusers/,/docs/user_guide/brazeai/predictive_suite/predictive_churn/messaging_users,4309,/docs/user_guide/brazeai/predictive_churn/messagingusers,/docs/user_guide/brazeai/predictive_suite/predictive_churn/messaging_users,4304,lhs string canonicalized
/docs/user_guide/brazeai/predictive_events/messagingusers,modified,1,1,/docs/user_guide/brazeai/predictive_events/messagingusers/,/docs/user_guide/brazeai/predictive_suite/predictive_events/messaging_users,4310,/docs/user_guide/brazeai/predictive_events/messagingusers,/docs/user_guide/brazeai/predictive_suite/predictive_events/messaging_users,4305,lhs string canonicalized
/docs/user_guide/channels/in_app_messages/traditional/customize,modified,1,1,/docs/user_guide/channels/in_app_messages/traditional/customize/,/docs/user_guide/channels/in_app_messages/customize,4070,/docs/user_guide/channels/in_app_messages/traditional/customize,/docs/user_guide/channels/in_app_messages/customize,4065,lhs string canonicalized
/docs/user_guide/channels/webhooks/understanding_webhooks,modified,1,1,/docs/user_guide/channels/webhooks/understanding_webhooks/,/docs/user_guide/channels/webhooks,4078,/docs/user_guide/channels/webhooks/understanding_webhooks,/docs/user_guide/channels/webhooks,4073,lhs string canonicalized
/docs/user_guide/channels/whatsapp/overview,modified,1,1,/docs/user_guide/channels/whatsapp/overview/,/docs/user_guide/channels/whatsapp/whatsapp_setup,4071,/docs/user_guide/channels/whatsapp/overview,/docs/user_guide/channels/whatsapp/whatsapp_setup,4066,lhs string canonicalized
/docs/user_guide/channels/whatsapp/overview/byo_connector,modified,1,1,/docs/user_guide/channels/whatsapp/overview/byo_connector/,/docs/user_guide/channels/whatsapp/whatsapp_setup/byo_connector,4072,/docs/user_guide/channels/whatsapp/overview/byo_connector,/docs/user_guide/channels/whatsapp/whatsapp_setup/byo_connector,4067,lhs string canonicalized
/docs/user_guide/channels/whatsapp/overview/transfer_between_workspaces,modified,1,1,/docs/user_guide/channels/whatsapp/overview/transfer_between_workspaces/,/docs/user_guide/channels/whatsapp/whatsapp_setup/whatsapp_phone_numbers/transfer_between_workspaces,4073,/docs/user_guide/channels/whatsapp/overview/transfer_between_workspaces,/docs/user_guide/channels/whatsapp/whatsapp_setup/whatsapp_phone_numbers/transfer_between_workspaces,4068,lhs string canonicalized
/docs/user_guide/channels/whatsapp/whatsapp_campaign/optimized_delivery,modified,1,1,/docs/user_guide/channels/whatsapp/whatsapp_campaign/optimized_delivery/,/docs/user_guide/channels/whatsapp/message_features_and_optimization/optimized_delivery,4074,/docs/user_guide/channels/whatsapp/whatsapp_campaign/optimized_delivery,/docs/user_guide/channels/whatsapp/message_features_and_optimization/optimized_delivery,4069,lhs string canonicalized
/docs/user_guide/channels/whatsapp/whatsapp_campaign/product_messages,modified,1,1,/docs/user_guide/channels/whatsapp/whatsapp_campaign/product_messages/,/docs/user_guide/channels/whatsapp/message_features_and_optimization/product_messages,4075,/docs/user_guide/channels/whatsapp/whatsapp_campaign/product_messages,/docs/user_guide/channels/whatsapp/message_features_and_optimization/product_messages,4070,lhs string canonicalized
/docs/user_guide/channels/whatsapp/whatsapp_campaign/whatsapp_flows,modified,1,1,/docs/user_guide/channels/whatsapp/whatsapp_campaign/whatsapp_flows/,/docs/user_guide/channels/whatsapp/message_features_and_optimization/whatsapp_flows,4076,/docs/user_guide/channels/whatsapp/whatsapp_campaign/whatsapp_flows,/docs/user_guide/channels/whatsapp/message_features_and_optimization/whatsapp_flows,4071,lhs string canonicalized
/docs/user_guide/channels/whatsapp/whatsapp_use_cases/external_system,modified,1,1,/docs/user_guide/channels/whatsapp/whatsapp_use_cases/external_system/,/docs/user_guide/channels/whatsapp/use_cases/whatsapp_and_external_systems,4077,/docs/user_guide/channels/whatsapp/whatsapp_use_cases/external_system,/docs/user_guide/channels/whatsapp/use_cases/whatsapp_and_external_systems,4072,lhs string canonicalized
/docs/user_guide/data/unification/cloud_ingestion/deleteusers,modified,1,1,/docs/user_guide/data/unification/cloud_ingestion/deleteusers/,/docs/user_guide/data/unification/cloud_ingestion/delete_users,4299,/docs/user_guide/data/unification/cloud_ingestion/deleteusers,/docs/user_guide/data/unification/cloud_ingestion/delete_users,4294,lhs string canonicalized
/docs/user_guide/data/unification/user_data/deleteusers,modified,1,1,/docs/user_guide/data/unification/user_data/deleteusers/,/docs/user_guide/audience/manage_audience/user_profiles/delete_users,4304,/docs/user_guide/data/unification/user_data/deleteusers,/docs/user_guide/audience/manage_audience/user_profiles/delete_users,4299,lhs string canonicalized
/docs/user_guide/data/unification/user_data/importusers,modified,1,1,/docs/user_guide/data/unification/user_data/importusers/,/docs/user_guide/audience/manage_audience/import_users,4301,/docs/user_guide/data/unification/user_data/importusers,/docs/user_guide/audience/manage_audience/import_users,4296,lhs string canonicalized
/docs/user_guide/data/unification/user_data/importusers/csv,modified,1,1,/docs/user_guide/data/unification/user_data/importusers/csv/,/docs/user_guide/audience/manage_audience/import_users/csv_import,4302,/docs/user_guide/data/unification/user_data/importusers/csv,/docs/user_guide/audience/manage_audience/import_users/csv_import,4297,lhs string canonicalized
/docs/user_guide/data/unification/user_data/user_profile_lifecycle/anonymoususers,modified,1,1,/docs/user_guide/data/unification/user_data/user_profile_lifecycle/anonymoususers/,/docs/user_guide/data/unification/user_data/user_profile_lifecycle/anonymous_users,4300,/docs/user_guide/data/unification/user_data/user_profile_lifecycle/anonymoususers,/docs/user_guide/data/unification/user_data/user_profile_lifecycle/anonymous_users,4295,lhs string canonicalized
/docs/user_guide/engagement_tools/campaigns/ideas_and_strategies/activeuser_campaigns,modified,1,1,/docs/user_guide/engagement_tools/campaigns/ideas_and_strategies/activeuser_campaigns/,/docs/user_guide/messaging/campaigns/ideas_and_strategies/active_user_campaigns,4311,/docs/user_guide/engagement_tools/campaigns/ideas_and_strategies/activeuser_campaigns,/docs/user_guide/messaging/campaigns/ideas_and_strategies/active_user_campaigns,4306,lhs string canonicalized
/docs/user_guide/engagement_tools/campaigns/ideas_and_strategies/capturing_lapsingusers,modified,1,1,/docs/user_guide/engagement_tools/campaigns/ideas_and_strategies/capturing_lapsingusers/,/docs/user_guide/messaging/campaigns/ideas_and_strategies/capturing_lapsing_users,4312,/docs/user_guide/engagement_tools/campaigns/ideas_and_strategies/capturing_lapsingusers,/docs/user_guide/messaging/campaigns/ideas_and_strategies/capturing_lapsing_users,4307,lhs string canonicalized
/docs/user_guide/engagement_tools/canvas/get_started/braze_templates/lapseduser,modified,1,1,/docs/user_guide/engagement_tools/canvas/get_started/braze_templates/lapseduser/,/docs/user_guide/messaging/templates/canvas_templates/braze_templates/lapsed_user,4313,/docs/user_guide/engagement_tools/canvas/get_started/braze_templates/lapseduser,/docs/user_guide/messaging/templates/canvas_templates/braze_templates/lapsed_user,4308,lhs string canonicalized
/docs/user_guide/engagement_tools/canvas/testing_canvases/previewuser_paths,modified,1,1,/docs/user_guide/engagement_tools/canvas/testing_canvases/previewuser_paths/,/docs/user_guide/messaging/canvas/testing_canvases/preview_user_paths,4314,/docs/user_guide/engagement_tools/canvas/testing_canvases/previewuser_paths,/docs/user_guide/messaging/canvas/testing_canvases/preview_user_paths,4309,lhs string canonicalized
/docs/user_guide/engagement_tools/landing_pages/trackingusers,modified,1,1,/docs/user_guide/engagement_tools/landing_pages/trackingusers/,/docs/user_guide/messaging/landing_pages/tracking_users,4307,/docs/user_guide/engagement_tools/landing_pages/trackingusers,/docs/user_guide/messaging/landing_pages/tracking_users,4302,lhs string canonicalized
/docs/user_guide/engagement_tools/messaging_fundamentals/targetingusers,modified,1,1,/docs/user_guide/engagement_tools/messaging_fundamentals/targetingusers/,/docs/user_guide/messaging/messaging_fundamentals/target_users,4306,/docs/user_guide/engagement_tools/messaging_fundamentals/targetingusers,/docs/user_guide/messaging/messaging_fundamentals/target_users,4301,lhs string canonicalized
/docs/user_guide/engagement_tools/segments/user_profiles/duplicateusers,modified,1,1,/docs/user_guide/engagement_tools/segments/user_profiles/duplicateusers/,/docs/user_guide/audience/manage_audience/merge_duplicate_users,4303,/docs/user_guide/engagement_tools/segments/user_profiles/duplicateusers,/docs/user_guide/audience/manage_audience/merge_duplicate_users,4298,lhs string canonicalized
/docs/user_guide/getting_started/braze_overview,modified,1,1,/docs/user_guide/getting_started/braze_overview/,/docs/user_guide/get_started,4292,/docs/user_guide/getting_started/braze_overview,/docs/user_guide/get_started,4287,lhs string canonicalized
/docs/user_guide/message_building_by_channel/email/apple_mail/email_private_relay_apple_sso,develop_had_duplicate_norm_lhs,2,1,/docs/user_guide/message_building_by_channel/email/apple_mail/email_private_relay_apple_SSO/,/docs/user_guide/channels/email/best_practices/apple_mail/email_private_relay_apple_SSO,4315,/docs/user_guide/message_building_by_channel/email/apple_mail/email_private_relay_apple_sso,/docs/user_guide/channels/email/best_practices/apple_mail/email_private_relay_apple_SSO,4310,"develop 2 row(s), PR 1 row(s) | develop duplicate norm keys collapsed on PR | lhs string canonicalized"
/docs/user_guide/message_building_by_channel/email/managinguser_subscriptions,modified,1,1,/docs/user_guide/message_building_by_channel/email/managinguser_subscriptions/,/docs/user_guide/channels/email/subscriptions,4308,/docs/user_guide/message_building_by_channel/email/managinguser_subscriptions,/docs/user_guide/channels/email/subscriptions,4303,lhs string canonicalized
/docs/user_guide/message_building_by_channel/line/lineusers,modified,1,1,/docs/user_guide/message_building_by_channel/line/lineusers/,/docs/user_guide/channels/line/message_users,4316,/docs/user_guide/message_building_by_channel/line/lineusers,/docs/user_guide/channels/line/message_users,4311,lhs string canonicalized
/docs/user_guide/message_building_by_channel/line/lineusers/subscription_groups,modified,1,1,/docs/user_guide/message_building_by_channel/line/lineusers/subscription_groups/,/docs/user_guide/channels/line/message_users/subscription_groups,4305,/docs/user_guide/message_building_by_channel/line/lineusers/subscription_groups,/docs/user_guide/channels/line/message_users/subscription_groups,4300,lhs string canonicalized
/docs/user_guide/message_building_by_channel/line/lineusers/user_management,modified,1,1,/docs/user_guide/message_building_by_channel/line/lineusers/user_management/,/docs/user_guide/channels/line/message_users/user_management,4293,/docs/user_guide/message_building_by_channel/line/lineusers/user_management,/docs/user_guide/channels/line/message_users/user_management,4288,lhs string canonicalized
/docs/user_guide/message_building_by_channel/line/messagingusers,modified,1,1,/docs/user_guide/message_building_by_channel/line/messagingusers/,/docs/user_guide/channels/line/message_users,4317,/docs/user_guide/message_building_by_channel/line/messagingusers,/docs/user_guide/channels/line/message_users,4312,lhs string canonicalized
/docs/user_guide/messaging/messaging_fundamentals/targeting_users,modified,1,1,/docs/user_guide/messaging/messaging_fundamentals/targeting_users/,/docs/user_guide/messaging/messaging_fundamentals/target_users,4067,/docs/user_guide/messaging/messaging_fundamentals/targeting_users,/docs/user_guide/messaging/messaging_fundamentals/target_users,4062,lhs string canonicalized
/docs/user_guide/messaging/testing/multivariant_testing,modified,1,1,/docs/user_guide/messaging/testing/multivariant_testing/,/docs/user_guide/messaging/ab_testing,4068,/docs/user_guide/messaging/testing/multivariant_testing,/docs/user_guide/messaging/ab_testing,4063,lhs string canonicalized
/docs/user_guide/messaging/testing/multivariant_testing/optimizations,modified,1,1,/docs/user_guide/messaging/testing/multivariant_testing/optimizations/,/docs/user_guide/messaging/ab_testing/optimizations,4069,/docs/user_guide/messaging/testing/multivariant_testing/optimizations,/docs/user_guide/messaging/ab_testing/optimizations,4064,lhs string canonicalized
/docs/user_guide/messaging_fundamentals/frequency_capping,modified,1,1,/docs/user_guide/messaging_fundamentals/frequency_capping/,/docs/user_guide/messaging/messaging_fundamentals/frequency_capping,4583,/docs/user_guide/messaging_fundamentals/frequency_capping,/docs/user_guide/messaging/messaging_fundamentals/frequency_capping,4578,lhs string canonicalized
