path,size_bytes
assets/img/404.png,38093
assets/img/Basics1.gif,7588896
assets/img/Braze Komo Images v2/Braze-Komo-Step1.png,184098
assets/img/Braze Komo Images v2/Braze-Komo-Step2a.png,118372
assets/img/Braze Komo Images v2/Braze-Komo-Step2b.png,374719
assets/img/Braze Komo Images v2/Braze-Komo-Step3a.png,273365
assets/img/Braze Komo Images v2/Braze-Komo-Step3b.png,235669
assets/img/Canvas2.png,25135
assets/img/GitHub-Mark-32px.png,613
assets/img/Octolis/Braze_screen1.png,38621
assets/img/ab_create_8.png,27367
assets/img/ab_send_winning_variant.png,52565
assets/img/action-based-delivery.png,38675
assets/img/actionableme/image1.png,202579
assets/img/ada/ada-braze-1.png,19712
assets/img/ada/ada-braze-2.png,36429
assets/img/ada/ada-braze-3.png,27351
assets/img/ada/ada-braze-4.png,28512
assets/img/add-user.gif,2927511
assets/img/add_new_user_1.png,28281
assets/img/add_new_user_2.png,17899
assets/img/ai_agent/agent_activity_logs.png,26027
assets/img/ai_step1.png,6355
assets/img/ai_step2.png,52102
assets/img/ai_step3.png,70525
assets/img/ai_step4.png,23910
assets/img/ai_step5.png,24598
assets/img/ai_use_cases/ab_test_personalized_variant.png,119375
assets/img/ai_use_cases/ab_test_winning_variant.png,286807
assets/img/ai_use_cases/cta_testing_variants.png,1130373
assets/img/ai_use_cases/tone_testing_variants.png,57722
assets/img/ai_use_cases/winning_variant_results.png,137527
assets/img/amperity/activate2.png,20691
assets/img/amperity/amperity2.png,31857
assets/img/amperity/amperity3.png,36390
assets/img/amperity/amperity4.png,27939
assets/img/amperity/amperity5.png,12927
assets/img/amperity/amperity6.png,70309
assets/img/amperity/amperity7.png,87926
assets/img/amperity/destinationconfiguration.png,18659
assets/img/amplitude5.png,42867
assets/img/amplitude6.png,23731
assets/img/android.png,20416
assets/img/android/android_13_timeline.png,9886
assets/img/android/push_integration/create_a_service_account/complete-service-account-creation.png,36402
assets/img/android/push_integration/create_a_service_account/review-permissions.png,21379
assets/img/android/push_integration/create_a_service_account/select-excess-permissions.png,17202
assets/img/android/push_integration/migration/upload_json_credentials/upload-json-file.png,40513
assets/img/android/push_integration/migration/verify-project-id/project-id-gcp.png,23544
assets/img/android/push_integration/migration/verify-project-id/project-id-gfb.png,36868
assets/img/android/push_integration/migration/verify-sender-id/verify-sender-id-firebase.png,47754
assets/img/android/push_integration/migration/verify-sender-id/verify-sender-id.png,14349
assets/img/android/push_integration/revert-credentials.png,35927
assets/img/android_tv.png,372994
assets/img/api_usage_alerts/api_usage_alerts3.png,40001
assets/img/app_level_stats.png,16026
assets/img/app_settings/credits_usage_message_archivin.png,10868
assets/img/appgroup_drilldown.png,19458
assets/img/appgroup_level_datapoint_usage_bycategory.png,16463
assets/img/appgroup_level_usage_time.png,17239
assets/img/arrow.png,991
assets/img/attribution/adjust2.png,19614
assets/img/audience_path/audience_path1.png,10277
assets/img/audience_sync/audience_sync6.png,31683
assets/img/audience_sync/audience_sync_pro3b.png,25278
assets/img/audience_sync/fb_sync2.png,20940
assets/img/azure_1.png,2196
assets/img/azure_10.png,31812
assets/img/azure_11.png,7457
assets/img/azure_12.png,11401
assets/img/azure_13.png,7019
assets/img/azure_14.png,4688
assets/img/azure_2.png,5628
assets/img/azure_5.png,2765
assets/img/azure_6.png,9742
assets/img/azure_7.png,4351
assets/img/azure_8.png,7716
assets/img/azure_9.png,1697
assets/img/azure_ad.png,290434
assets/img/back_in_stock_settings_non_shopify.png,34887
assets/img/banner-cc.png,42495
assets/img/banners/conversion_event_details.png,8710
assets/img/banners/historical_performance.png,14101
assets/img/banners/test_recipients.png,20852
assets/img/bl_icon.png,48319
assets/img/bl_icon2.png,46329
assets/img/blayer/blayer3.png,244271
assets/img/blings/blings_email_editor.png,386914
assets/img/blueconic/braze1.png,17111
assets/img/braze_integration.png,14118
assets/img/braze_permissions/company_level_permissions.png,11158
assets/img/braze_permissions/workspace_level_permissions_individual_legacy.png,26898
assets/img/braze_permissions/workspace_level_permissions_set_legacy.png,39260
assets/img/braze_pilot/push_primer2.png,408269
assets/img/braze_support.png,12827
assets/img/campaign_autosave.png,2755
assets/img/campaign_calendar/Campaign3.png,25390
assets/img/campaign_calendar/Campaign4.png,4015
assets/img/campaign_calendar/hamburger.png,179
assets/img/campaign_canvas_dashboard_example.png,32161
assets/img/campaign_details.png,29677
assets/img/campaign_retention2.png,26376
assets/img/canvas-send-settings-1.gif,822197
assets/img/canvas.png,1054
assets/img/canvas_components/message_step3.png,8818
assets/img/canvas_templates/feature_adoption/action_path_1.png,12284
assets/img/canvas_templates/feature_adoption/action_path_2.png,10905
assets/img/canvas_templates/feature_adoption/action_path_scheduled_recurring_delivery.png,23742
assets/img/canvas_templates/feature_adoption/add_conversion_event.png,14226
assets/img/canvas_templates/feature_adoption/edit_conversion_event.png,7210
assets/img/canvas_templates/feature_adoption/select_audience_entry_rules.png,22958
assets/img/canvas_templates/feature_adoption/select_feature_adoption_template.png,19584
assets/img/canvas_templates/feature_adoption/select_feedback_survey.png,12941
assets/img/canvas_templates/onboarding3.png,17830
assets/img/canvas_templates/post_purchase_feedback/ad_retargeting_audience_sync.png,6016
assets/img/canvas_templates/post_purchase_feedback/choose_audience_sync_partner.png,10760
assets/img/canvas_templates/post_purchase_feedback/feedback_action.png,13137
assets/img/canvas_templates/post_purchase_feedback/follow_up_feedback_message.png,13392
assets/img/canvas_templates/post_purchase_feedback/select_post_purchase_feedback_template.png,20112
assets/img/canvas_templates/post_purchase_feedback/support_case_creation.png,7101
assets/img/canvas_templates/remove_iam_for_feedback_survey.png,10876
assets/img/canvas_templates/select_abandoned_intent_template.png,19585
assets/img/canvas_templates/select_back_in_stock_template.png,19656
assets/img/canvas_templates/select_lapsed_user_template.png,19362
assets/img/canvas_templates/select_onboarding_template.png,19486
assets/img/canvas_templates/select_run_test.png,21813
assets/img/canvas_templates/select_test_canvas.png,4141
assets/img/canvas_templates/use_a_canvas_template.png,22903
assets/img/canvas_var_analysis.png,99854
assets/img/captioned-cc.png,434
assets/img/captioned-image-cc.png,58413
assets/img/carthage.jpeg,3359
assets/img/cc-user-preview.png,52576
assets/img/cc_feed_new.png,61233
assets/img/cc_icon.png,378
assets/img/cc_implementation/android_discount2.png,118277
assets/img/cc_implementation/android_message_center.png,241781
assets/img/cc_implementation/android_supplemental_content.png,112977
assets/img/cc_remove.png,38908
assets/img/change_custom_attribute.png,32658
assets/img/chart_type.png,7191
assets/img/checkbox.png,32053
assets/img/classic-cc.png,23729
assets/img/cloud_ingestion/connected_source_3.png,19179
assets/img/cloud_ingestion/connected_source_bq_1.png,47440
assets/img/cloud_ingestion/connected_source_db_1.png,43775
assets/img/cloud_ingestion/connected_source_mf_3.png,20049
assets/img/cloud_ingestion/connected_source_rs_1.png,50808
assets/img/cloud_ingestion/fabric_setup_1.png,53633
assets/img/cloud_ingestion/fabric_setup_2.png,35852
assets/img/cloud_ingestion/fabric_setup_3.png,46365
assets/img/cloud_ingestion/fabric_setup_4.png,24781
assets/img/cloud_ingestion/ingestion_1.png,66786
assets/img/cloud_ingestion/ingestion_10.png,69114
assets/img/cloud_ingestion/ingestion_11.png,38430
assets/img/cloud_ingestion/ingestion_12.png,26854
assets/img/cloud_ingestion/ingestion_13.png,18463
assets/img/cloud_ingestion/ingestion_14.png,32956
assets/img/cloud_ingestion/ingestion_15.png,21917
assets/img/cloud_ingestion/ingestion_16.png,21428
assets/img/cloud_ingestion/ingestion_17.png,16780
assets/img/cloud_ingestion/ingestion_18.png,11483
assets/img/cloud_ingestion/ingestion_19.png,76295
assets/img/cloud_ingestion/ingestion_2.png,28870
assets/img/cloud_ingestion/ingestion_3.png,285707
assets/img/cloud_ingestion/ingestion_4.png,52113
assets/img/cloud_ingestion/ingestion_5.png,26937
assets/img/cloud_ingestion/ingestion_6.png,35443
assets/img/cloud_ingestion/ingestion_7.png,69572
assets/img/cloud_ingestion/ingestion_8.png,51591
assets/img/cloud_ingestion/ingestion_9.png,29823
assets/img/cloud_ingestion/notifications.png,138106
assets/img/cloud_ingestion/s3_find_account.png,23365
assets/img/cloud_ingestion/s3_ingestion_2.png,22780
assets/img/content_card.gif,3300885
assets/img/content_cards/content-card-message-inbox-with-kvps.png,79037
assets/img/context_example1.png,16678
assets/img/context_example2.png,19537
assets/img/context_step2.png,51881
assets/img/context_timezone_example.png,61471
assets/img/contributing/github/choose_base_repository.png,45708
assets/img/contributing/github/compare_across_forks.png,22669
assets/img/contributing/github/correct_forked_from.png,12542
assets/img/contributing/github/create_a_new_fork.png,41198
assets/img/contributing/github/delete_repository.png,57521
assets/img/contributing/github/fork_the_repository.png,15242
assets/img/contributing/github/menu_pull_requests.png,5393
assets/img/contributing/liquid_examples/correct_raw_tags.png,8087
assets/img/contributing/liquid_examples/incorrect_raw_tags.png,9320
assets/img/contributing/liquid_examples/raw_tags.png,2085
assets/img/contributing/styling_examples/subsection.png,36442
assets/img/copy-gmail-promo-script.png,130094
assets/img/cordova-icon.png,1542
assets/img/create-cc.gif,1776972
assets/img/create-content-blocks.gif,1659385
assets/img/createapicampaigns.gif,2717533
assets/img/criteo/criteo2.png,38499
assets/img/crowdin/copy_api_key_identifier.png,30218
assets/img/crowdin/crowdin_editor_email_preview.png,73496
assets/img/crowdin/sync_translations.png,107530
assets/img/crowdtwist_tools/Screenshot 2025-02-04 at 16.09.16.png,445613
assets/img/csv_import/upload_csv.png,26911
assets/img/csv_import/validation_issues.png,20439
assets/img/csvfilter.png,29340
assets/img/current_billing_cycle.png,16395
assets/img/custom_domain_whatsapp_composer.png,43969
assets/img/custom_interfaces.png,284398
assets/img/dashboard.png,1257
assets/img/data_transformation/data_transformation1.jpg,130891
assets/img/data_transformation/data_transformation4.png,48038
assets/img/data_transformation/data_transformation5.png,73162
assets/img/data_transformation/data_transformation6.jpg,164434
assets/img/data_transformation/data_transformation7.png,18925
assets/img/data_transformation/data_transformation9.png,48038
assets/img/decision-step-analytics-4.png,47919
assets/img/decisioning_studio/decisioning_studio_example_email_components.png,234510
assets/img/decisioning_studio/decisioning_studio_pro_diagram.png,577483
assets/img/decisioning_studio/reporting_agent_performance_trending.png,426304
assets/img/decisioning_studio/reporting_performance_drivertree.png,463820
assets/img/decisioning_studio_go/create_flow.png,19232
assets/img/decisioning_studio_go/flow1.png,111449
assets/img/decisioning_studio_go/flow10.png,85019
assets/img/decisioning_studio_go/flow11.png,165826
assets/img/decisioning_studio_go/flow2.png,75846
assets/img/decisioning_studio_go/flow3.png,142603
assets/img/decisioning_studio_go/flow4.png,287229
assets/img/decisioning_studio_go/flow5.png,71611
assets/img/decisioning_studio_go/flow6.png,19605
assets/img/decisioning_studio_go/flow7.png,122278
assets/img/decisioning_studio_go/flow8.png,77164
assets/img/decisioning_studio_go/flow9.png,134746
assets/img/decisioning_studio_go/journey8.png,111649
assets/img/decisioning_studio_go/klaviyo_api_key.png,176686
assets/img/decisioning_studio_go/placeholder_flow.png,174704
assets/img/decisioning_studio_go/set_up_email_node.png,60211
assets/img/device_and_carriers.png,39465
assets/img/diagram.png,687
assets/img/digioh/4.png,11581
assets/img/dnd/dnd.gif,6447097
assets/img/dnd/dnd_contentsettings.png,21317
assets/img/dnd_badge_icon.png,5306
assets/img/dnd_editor_workflow.png,12369
assets/img/drag_tile.png,18284
assets/img/dynamic_yield/dynamic_yield1.png,9546
assets/img/dynamic_yield/dynamic_yield2.png,19092
assets/img/dynamic_yield/dynamic_yield6.png,9546
assets/img/dyspatch/dyspatch_admin_dropdown.png,6972
assets/img/ecommerce/conversion_details.png,62840
assets/img/email-relay-dns-records.png,18773
assets/img/email-relay-whitelabel-address.png,14752
assets/img/email_capture_config.png,17003
assets/img/email_icon.png,720
assets/img/email_sanitization.png,24699
assets/img/email_settings/one-click_unsubscribe_to_email_header.png,23274
assets/img/email_settings/outbound_email.png,62526
assets/img/email_settings/require_bcc.png,41792
assets/img/email_settings/switch.gif,40830
assets/img/email_settings/target_audiences_example.png,6407
assets/img/email_templates/template3.png,41130
assets/img/email_templates/template4.png,340230
assets/img/entry-audience-canvas-1.gif,1505200
assets/img/entry-schedule-canvas-1.gif,970566
assets/img/entry-wizard.gif,3106788
assets/img/experiment_step/experiment_onetime_workaround.png,32850
assets/img/experiment_step/experiment_path_distribution.png,13486
assets/img/experiment_step/experiment_winning_path.png,29873
assets/img/expires-after.png,16022
assets/img/extole/extole-add-new-webhook.png,60498
assets/img/extole/extole-outbound-webhooks.png,35411
assets/img/extole/extole-webhook-live-events.png,119024
assets/img/fb_audience_sync/add_audience.png,31012
assets/img/fb_audience_sync/add_step.png,41039
assets/img/fb_audience_sync/analytics_example.jpg,24753
assets/img/fb_audience_sync/create_audience.png,41687
assets/img/fb_audience_sync/new_audience.png,31154
assets/img/feature_flags/feature-flags-create.png,6585
assets/img/feature_flags/feature-flags-filter-selection.png,7976
assets/img/feature_flags/feature-flags-list.png,16180
assets/img/feature_flags/feature-flags-manage-permission.png,23734
assets/img/feature_flags/feature-flags-rollout.png,5095
assets/img/feature_flags/feature-flags-targeting.png,4789
assets/img/feature_flags/feature-flags-use-case-canvas-experiment-step.png,45155
assets/img/fire-os-original.png,16142
assets/img/fivetran_as3_external_id.png,17584
assets/img/fivetran_iam_policy_json.png,16092
assets/img/flybuy/flybuy3a.png,48702
assets/img/front/braze_delivery.png,40109
assets/img/gear.png,1117
assets/img/gear2.png,1107
assets/img/general-on-mac.png,22659
assets/img/getting-started/messaging-channel-graphic.png,29872
assets/img/global_search/archived_content.png,4049
assets/img/global_search/global_search.png,29322
assets/img/global_search/global_search2.png,24334
assets/img/global_search/search_create_campaign.png,4317
assets/img/global_search/show_active_draft.png,4638
assets/img/gmail_preview.png,54638
assets/img/google_sync/google_sync1.png,85324
assets/img/google_sync/google_sync2.png,22258
assets/img/google_sync/google_sync3.png,38912
assets/img/google_sync/google_sync4.png,101419
assets/img/google_sync/google_sync6.png,36986
assets/img/google_sync/google_sync7.png,47452
assets/img/google_sync/google_sync8.png,40875
assets/img/google_sync/google_sync9.png,32212
assets/img/guidelines_edited_assistant.png,40157
assets/img/hacktoberfest_torchie2.png,1647
assets/img/head.png,1119
assets/img/hightouch/cohort5.png,266917
assets/img/huawei/huawei-test-push-composer.png,42407
assets/img/iam-advancement-behavior.png,35614
assets/img/iam-beta-html-cross-channel.png,16902
assets/img/iam-beta-html-dropdown.gif,2400985
assets/img/iam-beta-html-syntax-highlighting.png,15161
assets/img/iam-generations-of-modals.png,119648
assets/img/iam-user-preview.png,45394
assets/img/iam/iam-survey-analytics.png,87446
assets/img/iam/iam-survey3.png,5141
assets/img/iam/single-multiple-choice.png,13842
assets/img/iam/survey-message-type.png,18441
assets/img/iam_compose.gif,7144540
assets/img/iam_implementation/dashboard4.png,396338
assets/img/icon-banner-cc.png,507
assets/img/icon-classic-cc.png,215
assets/img/icon_full_screen.png,1233
assets/img/icon_modal.png,988
assets/img/icon_slideup.png,991
assets/img/iheartibmpromotional.png,61147
assets/img/importcsv.png,26205
assets/img/importcsv2.png,26932
assets/img/importcsv3.png,55197
assets/img/importcsv5.png,31722
assets/img/in-app-message-campaign-details.png,10627
assets/img/in-app-message-historical-performance.png,9780
assets/img/in-app-message-message-performance.png,6224
assets/img/in-app_message_icon.png,349
assets/img/inbound-data-share.png,59736
assets/img/inbox_vision_previews.png,115683
assets/img/insights-bubble-graph.png,75369
assets/img/insights-moments-personas.png,47193
assets/img/intelligence_suite1.png,21897
assets/img/intelligent_selection_canvas.png,22283
assets/img/intelligent_timing.png,11347
assets/img/intelligent_timing_ab_test_duration.png,13184
assets/img/intelligent_timing_hours.png,10572
assets/img/ios/interruption-level.png,65285
assets/img/ios_push.png,76638
assets/img/item_recommendation_create.png,32863
assets/img/item_recs_2-1.png,21297
assets/img/jacquard/10_push_two_lines.png,20567
assets/img/jacquard/11_push_messagebody.png,17122
assets/img/jacquard/1_create_apikey.png,9756
assets/img/jacquard/2_campaignaccess.png,30069
assets/img/jacquard/3_phrasee_braze1.png,29779
assets/img/jacquard/4_braze_emailtag.png,5216
assets/img/jacquard/5_copy_variant_braze.png,5049
assets/img/jacquard/6_braze_schedule.png,18151
assets/img/jacquard/7_braze_send_winner.png,20443
assets/img/jacquard/8_braze_int_drawer.png,34574
assets/img/jacquard/9_braze_push_tag.png,4786
assets/img/keyword_example2.jpg,52986
assets/img/komo/komo_hub_publish.png,5810
assets/img/komo/komo_hub_settings_braze_connect.png,40768
assets/img/komo/komo_hub_settings_braze_key.png,32311
assets/img/komo/komo_hub_settings_braze_settings.png,49270
assets/img/komo/komo_hub_settings_integrations.png,47322
assets/img/lab.png,25944
assets/img/landing_pages/create.png,32436
assets/img/landing_pages/details.png,26447
assets/img/landing_pages/editor.png,82302
assets/img/landing_pages/example_landing_page.png,304074
assets/img/landing_pages/homepage.gif,2207606
assets/img/landing_pages/message-content-options.png,24468
assets/img/landing_pages/segmentation.png,15224
assets/img/landing_pages/select-edit-landing-page.png,19514
assets/img/landing_pages/url_handle.png,20492
assets/img/legal.png,1394
assets/img/lemnisk/fr29.png,66262
assets/img/lexer/lexer_logo.png,4421
assets/img/lightbulb.png,1694
assets/img/line/csv_export_user_data.png,37150
assets/img/line/filter_group.png,24686
assets/img/link_aliasing_click_table.png,50347
assets/img/link_aliasing_segmentation_filters.png,33694
assets/img/link_management_html.png,31057
assets/img/lji/braze-gravty-integration.png,18022
assets/img/logo-braze-stroked-white.svg,6607
assets/img/lokalise/5_edit_email.png,58888
assets/img/macOS_icon.png,4734
assets/img/moments-of-availability.png,38658
assets/img/most_popular_products.png,31322
assets/img/most_popular_products_personalize.png,21683
assets/img/multi-language_support/add_locale.png,25405
assets/img/multi-language_support/banner_manage_languages.png,97271
assets/img/multi-language_support/content_block_manage_languages.png,16708
assets/img/multi-language_support/dnd_editor_translation_example.png,18836
assets/img/multi-language_support/dnd_iam_download_template.png,16396
assets/img/multi-language_support/dnd_iam_editor_translation_tags.png,134952
assets/img/multi-language_support/dnd_iam_upload_translations.png,10741
assets/img/multi-language_support/email_multi_language.png,39959
assets/img/multi-language_support/example_translation_csv.png,83913
assets/img/multi-language_support/html_editor_insert_translation_tag.png,12271
assets/img/multi-language_support/html_editor_translation_tag_example.png,24841
assets/img/multi-language_support/html_iam_editor_translation_tags.png,20830
assets/img/multi-language_support/iam_dnd_manage_languages.png,52933
assets/img/multi-language_support/iam_html_manage_languages.png,88546
assets/img/multi-language_support/manage_language_dropdown.png,113471
assets/img/multi-language_support/manage_languages_modal.png,134657
assets/img/multi-language_support/multi-language_support.png,40228
assets/img/multi-language_support/push_manage_languages.png,87463
assets/img/multi-language_support/push_translation_tags.png,44517
assets/img/multi-language_support/translation_csv_example.png,19134
assets/img/multi-language_support/upload_translation.png,38176
assets/img/multiple_stores.png,20724
assets/img/multiple_stores2.png,42142
assets/img/navigation/expand_collapse_menu.gif,2418317
assets/img/navigation/global_header_compare.png,18271
assets/img/navigation/global_header_new.png,11589
assets/img/navigation/global_header_old.png,15198
assets/img/navigation/global_header_switch.png,5028
assets/img/navigation/global_search_new.png,55196
assets/img/navigation/global_search_synonym.png,21187
assets/img/navigation/minimized_menu_tooltip.png,8974
assets/img/navigation/quick_links.png,18219
assets/img/navigation/share_feedback.png,36775
assets/img/navigation/sidebar_behavior.gif,808895
assets/img/navigation/sidebar_compare.png,57547
assets/img/navigation/sidebar_new.png,20171
assets/img/navigation/sidebar_old.png,38428
assets/img/navigation/vertical_menu.gif,4610516
assets/img/navigation_co_set.gif,1565506
assets/img/neura-braze-api-key.png,45555
assets/img/new-icons/api.svg,1543
assets/img/new-icons/circle-info-solid.svg,370
assets/img/new-icons/file-contract-solid.svg,761
assets/img/new-icons/gears.svg,2900
assets/img/new-icons/html-file.svg,556
assets/img/new-icons/right-arrow.svg,853
assets/img/new-icons/right-arrow2.svg,4248
assets/img/new-icons/users.svg,1194
assets/img/new-icons/users2.svg,1054
assets/img/new_current.png,14194
assets/img/nf_icon.png,493
assets/img/nift/braze_account_linked.png,24891
assets/img/null_reply-to.png,21259
assets/img/odicci/braze_endpoint.png,51038
assets/img/offerfit/of_integration_workflow.png,25502
assets/img/offerfit/of_use_case_example.png,50250
assets/img/onetrust/onetrust3.png,5773
assets/img/operator/operator_model.png,136982
assets/img/operator/operator_panel.png,249853
assets/img/operator/operator_profile.png,31672
assets/img/operator/operator_reasoning.png,110645
assets/img/operator/operator_reasoning_expanded.png,32982
assets/img/optimal-send-time.png,55406
assets/img/partner_template/partner_folder.png,22457
assets/img/partner_template/partner_merge.png,12009
assets/img/partner_template/partnership_clone.png,21719
assets/img/partner_template/partnership_fork.png,3969
assets/img/pencil-paper.png,1070
assets/img/permission_sets_manage.png,53229
assets/img/phrasee/10_push_two_lines.png,20567
assets/img/phrasee/11_push_messagebody.png,17122
assets/img/phrasee/1_create_apikey.png,9756
assets/img/phrasee/2_campaignaccess.png,30069
assets/img/phrasee/3_phrasee_braze1.png,29779
assets/img/phrasee/4_braze_emailtag.png,5216
assets/img/phrasee/5_copy_variant_braze.png,5049
assets/img/phrasee/6_braze_schedule.png,18151
assets/img/phrasee/7_braze_send_winner.png,20443
assets/img/phrasee/8_braze_int_drawer.png,34574
assets/img/phrasee/9_braze_push_tag.png,4786
assets/img/pinterest/pinterest10.png,38203
assets/img/pinterest/pinterest4.png,17826
assets/img/pinterest/pinterest5.png,13006
assets/img/pinterest/pinterest6.png,22333
assets/img/pinterest/pinterest7.png,137469
assets/img/pinterest/pinterest8.png,142666
assets/img/pinterest/pinterest9.png,153962
assets/img/placeholder_entity_relationship_diagram.jpg,1607692
assets/img/promocardmap.png,7841
assets/img/promocodes/promocode2.png,6054
assets/img/promocodes/promocode6.png,16704
assets/img/punchh/punchh2.png,14619
assets/img/punchh/punchh5.png,46147
assets/img/punchh/update2.png,4893
assets/img/punchh/update6.png,59571
assets/img/purchase1.png,34232
assets/img/purchase3.png,13578
assets/img/purchase4.jpg,35422
assets/img/purchase5.png,11570
assets/img/purchasePrediction/filters.png,20969
assets/img/purchasePrediction/purchaseFilters.png,21597
assets/img/purchasePrediction/purchasesOverview.png,122287
assets/img/push-advancement-behavior.png,40443
assets/img/push_icon.png,531
assets/img/push_primer/push_primer_2.png,62356
assets/img/push_primer/push_primer_3.png,10928
assets/img/push_primer/push_primer_4.png,101216
assets/img/push_primer/push_primer_5.png,194229
assets/img/push_primer/push_primer_6.jpg,71235
assets/img/push_primer/push_primer_7.png,11088
assets/img/rcs/rcs_ai_copywriter.png,9658
assets/img/react-native/iam-test.png,55878
assets/img/recommended_events/order_activity.png,3598
assets/img/red-dress.gif,242363
assets/img/regal/request_header.png,81744
assets/img/regal/webhook_rawtext.png,17720
assets/img/relaystate2.png,16311
assets/img/report_builder_2/download_options_1.png,144872
assets/img/restore_interaction_data.png,16561
assets/img/roku/1-Platform-Selector.png,39784
assets/img/roku/Docs-Imagery.png,53827
assets/img/roku/Roku-In-App-Messages-Example.png,60055
assets/img/roku/Roku-In-App-Messages-Flow.png,49921
assets/img/rtl_comparison.png,48106
assets/img/samlsso.gif,10475851
assets/img/sample_tile.png,13138
assets/img/scroll-bar-on.png,2977
assets/img/scroll-overlap.png,8208
assets/img/search_navy_cove.svg,457
assets/img/search_white.svg,454
assets/img/segment-creation.png,32879
assets/img/segment-imported-users.png,39256
assets/img/segment/android.png,56248
assets/img/segment/connection_schema.png,75219
assets/img/segment/ios.png,50415
assets/img/segment/property1.png,30956
assets/img/segment/segment.png,26014
assets/img/segment/segment_currents.png,55687
assets/img/segment/segment_currents1.png,22430
assets/img/segment/segment_extension3.png,15066
assets/img/segment/segment_extension9.png,11272
assets/img/segment/select_a_template.png,19153
assets/img/segment_destination_braze.png,54678
assets/img/sendbird/sendbird-dashboard-integrations-1.png,56002
assets/img/sendbird/sendbird-dashboard-integrations.png,56002
assets/img/sessionm/ComposeWebhook.png,15668
assets/img/sessionm/SessionMAddMessage.png,13630
assets/img/shareplay/shareplay1.png,179493
assets/img/shareplay/shareplay2.png,153510
assets/img/shareplay/shareplay4.png,178585
assets/img/shareplay/shareplay5.png,203213
assets/img/shopify/abandoned_cart_delay.png,7297
assets/img/shopify/abandoned_checkout_canvas.gif,43581736
assets/img/shopify/activate_channels.png,36536
assets/img/shopify/active_catalog_syn.png,74986
assets/img/shopify/add_new_app.png,14428
assets/img/shopify/add_personalization.png,15084
assets/img/shopify/arrow.jpeg,3148
assets/img/shopify/backfill1.jpg,113027
assets/img/shopify/backfill2.png,20987
assets/img/shopify/backfill3.png,31205
assets/img/shopify/begin_setup.jpg,345481
assets/img/shopify/braze_install.png,87339
assets/img/shopify/cancellation.png,18438
assets/img/shopify/cancellation2.png,55360
assets/img/shopify/catalog_toggle.png,28744
assets/img/shopify/checkout_cart_delay.png,45191
assets/img/shopify/collect_email.png,33003
assets/img/shopify/collect_email_subscribers_2.png,35540
assets/img/shopify/collect_sms.png,30799
assets/img/shopify/configure_settings.png,20781
assets/img/shopify/confirm_workspace.png,17692
assets/img/shopify/custom_attributes_segment.png,9629
assets/img/shopify/custom_events_segment.png,23058
assets/img/shopify/disconnect_integration.png,6748
assets/img/shopify/edit_config.png,13448
assets/img/shopify/edit_selection.png,35955
assets/img/shopify/finish_setup.png,40872
assets/img/shopify/fulfilled.png,11510
assets/img/shopify/fulfilled2.png,70293
assets/img/shopify/manage_users_setup.png,54713
assets/img/shopify/marketing_automations.png,4463
assets/img/shopify/marketing_automations_list.png,27675
assets/img/shopify/paid.png,11535
assets/img/shopify/paid2.png,59217
assets/img/shopify/partially_fulfilled.png,11847
assets/img/shopify/partially_fulfilled2.png,73222
assets/img/shopify/post_purchase_canvas.gif,47236736
assets/img/shopify/product_view.png,99540
assets/img/shopify/product_view2.png,6357
assets/img/shopify/product_view3.png,5096
assets/img/shopify/refund.png,11780
assets/img/shopify/refund2.png,59047
assets/img/shopify/scriptag.gif,20254179
assets/img/shopify/scripttag.gif,3595256
assets/img/shopify/scripttag1.png,18504
assets/img/shopify/scripttag2.png,63095
assets/img/shopify/scripttag3.png,45106
assets/img/shopify/scripttag4.png,13152
assets/img/shopify/scripttag5.png,44263
assets/img/shopify/selections_tab.png,27027
assets/img/shopify/shop_app_store.png,16813
assets/img/shopify/shop_setup_1.png,25304
assets/img/shopify/shop_setup_2.png,11872
assets/img/shopify/shop_setup_3a.png,55045
assets/img/shopify/shop_setup_3b.png,29595
assets/img/shopify/shop_setup_4.png,15208
assets/img/shopify/shop_setup_5.png,18785
assets/img/shopify/shop_setup_6.png,38566
assets/img/shopify/shop_setup_7.png,101708
assets/img/shopify/shop_setup_8.png,24064
assets/img/shopify/shop_setup_9.png,67598
assets/img/shopify/shop_setup_advanced_abandonment.png,45191
assets/img/shopify/shop_setup_advanced_productid.png,14860
assets/img/shopify/shop_usermerge_canvas.png,12643
assets/img/shopify/shop_usermerge_canvas_delay.png,25788
assets/img/shopify/shop_usermerge_canvas_entrycriteria.png,32808
assets/img/shopify/shop_usermerge_canvas_userupdate.png,51823
assets/img/shopify/shop_usermerge_canvas_webhook.png,65588
assets/img/shopify/shopify_advanced_settings_abandoned_checkout_delay.png,10868
assets/img/shopify/shopify_advanced_settings_product_identifier.png,14860
assets/img/shopify/shopify_app_install.png,24851
assets/img/shopify/shopify_back-in-stock.png,45486
assets/img/shopify/shopify_connected_store.png,58651
assets/img/shopify/shopify_integration10.png,69018
assets/img/shopify/shopify_integration11.png,7647
assets/img/shopify/shopify_integration12.png,30806
assets/img/shopify/shopify_integration16.png,18898
assets/img/shopify/shopify_integration17.png,14230
assets/img/shopify/shopify_integration2.png,16023
assets/img/shopify/shopify_integration3-6.gif,6577259
assets/img/shopify/shopify_integration7.png,61189
assets/img/shopify/shopify_integration77.jpg,108524
assets/img/shopify/shopify_integration8.png,29005
assets/img/shopify/shopify_integration9.png,17993
assets/img/shopify/shopify_segmentation2.png,29687
assets/img/shopify/shopify_segmentation3.png,15284
assets/img/shopify/shopify_segmentation4.png,14743
assets/img/shopify/shopify_step_1.png,17142
assets/img/shopify/shopify_step_2_events.png,101002
assets/img/shopify/shopify_step_3_email.png,70876
assets/img/shopify/shopify_step_4_catalog.png,32399
assets/img/shopify/shopify_step_5_channels.png,38873
assets/img/shopify/shopify_usersyncing_subscribercollection.png,108524
assets/img/shopify/switch_stores.png,15496
assets/img/shopify/sync_products.png,35303
assets/img/shopify/tracking_shopify_data1.png,8441
assets/img/shopify/transactions_tab.png,51043
assets/img/shopify/turn_off_automations.png,13496
assets/img/shopify/view_catalog.png,9991
assets/img/shopify/winback_canvas_cancel.gif,38758381
assets/img/shopify/winback_canvas_refund.gif,53199219
assets/img/shopify_add_trigger.png,40009
assets/img/shopify_enter_storefront.png,18896
assets/img/shopify_nested_attributes.png,20277
assets/img/shopify_select_event.png,16657
assets/img/shopify_tags.png,12146
assets/img/shopify_type_email.png,50700
assets/img/sign-in.png,708
assets/img/sisudata/kda_result_negative.png,93291
assets/img/sisudata/kda_result_positive.png,93413
assets/img/sisudata/metric_creation.png,89348
assets/img/sisudata/segment.png,9847
assets/img/smartling/smartling-braze-settings.png,36299
assets/img/smartling/smartling-content-blocks-list.png,25344
assets/img/sms/MMS.png,122783
assets/img/sms/alphanumericsenderid.jpg,73188
assets/img/sms/contact_card.png,36430
assets/img/sms/contactcards.gif,13674115
assets/img/sms/custom_domain.png,23813
assets/img/sms/custom_domain2.png,27593
assets/img/sms/custom_domain_button.png,17332
assets/img/sms/custom_domain_statuses.png,35904
assets/img/sms/dns_record.png,36507
assets/img/sms/e164.jpg,69310
assets/img/sms/link_shortening10.png,56772
assets/img/sms/main_page.png,48965
assets/img/sms/mms_preview.png,81740
assets/img/sms/opt-in1.png,45364
assets/img/sms/opt-in2.png,22988
assets/img/sms/sms_about.png,68721
assets/img/sms/sms_campaign_details.png,43022
assets/img/sms/sms_canvas.png,6858
assets/img/sms/sms_cta.png,8396
assets/img/sms/sms_geographic_permissions_read_only.png,24208
assets/img/sms/sms_graph.png,48189
assets/img/sms/sms_historical_performance.png,23936
assets/img/sms/sms_message_body.png,12682
assets/img/sms/sms_message_performance.png,24069
assets/img/sms/sms_other.png,107970
assets/img/sms_campaign_compose.gif,2908075
assets/img/sms_campaign_confirm.gif,3436765
assets/img/sms_campaign_conversion.gif,2824873
assets/img/sms_campaign_delivery.gif,4552378
assets/img/sms_campaign_setup.gif,6230930
assets/img/sms_campaign_targeting.gif,3838357
assets/img/sms_campaign_test.gif,4942470
assets/img/sms_credit_consumption2.png,78557
assets/img/sms_icon.png,475
assets/img/snapchat/snapchat4.png,134823
assets/img/snapchat/snapchat5.png,138211
assets/img/snapchat/snapchat6.png,35755
assets/img/sso2.png,12669
assets/img/steps.gif,6723530
assets/img/sub_group_use.gif,2044794
assets/img/subscription_and_billing3.png,12213
assets/img/subscription_group_import.png,10764
assets/img/survicate/image1.png,23325
assets/img/survicate/survicate_asset_1.png,203499
assets/img/survicate/survicate_asset_2.png,15730
assets/img/survicate/survicate_asset_3.png,20410
assets/img/swift.png,3171
assets/img/swift/sdk_integration/copy-bundle-resources.png,28035
assets/img/swift/sdk_integration/do-not-embed-and-sign.png,23959
assets/img/swift_idfv.png,18206
assets/img/sxsw-vote.png,14485
assets/img/talonone_coupon_settings.png,31300
assets/img/tealium/braze_connector_marketplace.png,43652
assets/img/tealium/connector_summary.png,47978
assets/img/tealium/get_code.png,89968
assets/img/tealium/remote_mappings.png,93319
assets/img/tealium/save_publish.png,1797
assets/img/tealium/summary.png,76843
assets/img/tiktok/tiktok10.png,179916
assets/img/tiktok/tiktok12.png,22564
assets/img/tiktok/tiktok14.png,17826
assets/img/tiktok/tiktok15.png,13333
assets/img/tiktok/tiktok17.png,39857
assets/img/tiktok/tiktok4.png,34217
assets/img/tiktok/tiktok6.png,29158
assets/img/tiktok/tiktok7.png,29432
assets/img/tiktok/tiktok8.png,20394
assets/img/tiktok/tiktok9.png,175666
assets/img/treasure_data/query_1.png,29171
assets/img/tvos_icon.png,20031
assets/img/unity-icon.png,4590
assets/img/unity/android/unity_android_push_settings_config.png,22400
assets/img/unity/ios/unity_ios_api_key.png,4367
assets/img/unreal.png,11469
assets/img/unreal_engine/AndroidSetLogLevel.png,20718
assets/img/unreal_engine/EnablePlugin.png,24323
assets/img/unreal_engine/InitializeBraze.png,11631
assets/img/unreal_engine/MakeBrazeProperties.png,21258
assets/img/user-sub-state-export.png,12557
assets/img/user_permissions_selection.png,39319
assets/img/user_profile_obfuscated1.png,26456
assets/img/user_profile_obfuscated2.png,15129
assets/img/user_profile_obfuscated3.png,12920
assets/img/user_profile_process.png,36808
assets/img/user_profile_process2.png,36630
assets/img/user_track_api.png,27958
assets/img/variants.gif,1101985
assets/img/voucherify/voucherify_cc_app_keys.png,13117
assets/img/voucherify/voucherify_cc_cache.png,32122
assets/img/voucherify/voucherify_cc_campaignId.png,44409
assets/img/voucherify/voucherify_cc_custom_code_email.png,19534
assets/img/voucherify/voucherify_cc_endpoint.png,2119
assets/img/voucherify/voucherify_cc_join_once.png,5800
assets/img/voucherify/voucherify_cc_limiter.png,26973
assets/img/voucherify/voucherify_cc_retry.png,31966
assets/img/voucherify/voucherify_cc_save_parameter.png,35809
assets/img/voucherify/voucherify_cc_script_overview.png,70415
assets/img/voucherify/voucherify_cc_sourceId_unique_publication.png,32196
assets/img/voucherify/voucherify_custom_attributes_API_key.png,22530
assets/img/voucherify/voucherify_custom_attributes_channel.png,38821
assets/img/voucherify/voucherify_custom_attributes_code.png,5036
assets/img/voucherify/voucherify_custom_attributes_consents.png,75903
assets/img/voucherify/voucherify_custom_attributes_distribution.png,33384
assets/img/voucherify/voucherify_custom_attributes_email_body.png,26987
assets/img/voucherify/voucherify_custom_attributes_email_preview.png,8182
assets/img/voucherify/voucherify_custom_attributes_enter_API_key.png,12783
assets/img/voucherify/voucherify_custom_attributes_fields_mapping.png,23975
assets/img/voucherify/voucherify_custom_attributes_integrations.png,38355
assets/img/voucherify/voucherify_custom_attributes_manual_message.png,15310
assets/img/voucherify/voucherify_custom_attributes_name_distribution.png,22534
assets/img/voucherify/voucherify_custom_attributes_name_distribution_choose_segment.png,37151
assets/img/voucherify/voucherify_custom_attributes_plus.png,666
assets/img/voucherify/voucherify_promotion_code_list.png,17623
assets/img/voucherify/voucherify_promotion_code_list_created.png,5293
assets/img/voucherify/voucherify_promotion_code_snippet.png,21622
assets/img/voucherify/voucherify_promotion_create_list.png,1244
assets/img/voucherify/voucherify_promotion_export_codes.png,23429
assets/img/voucherify/voucherify_promotion_import_codes.png,15117
assets/img/voucherify/voucherify_promotion_liquid_email.png,40833
assets/img/voucherify/voucherify_promotion_list_expiration.png,32220
assets/img/voucherify/voucherify_promotion_upload_csv.png,31348
assets/img/voucherify/vvoucherify-cc-campaignId.png,22625
assets/img/voucherify/vvoucherify-cc-code-published.png,9116
assets/img/voucherify/vvoucherify-cc-preview.png,8390
assets/img/voucherify/vvoucherify-create-Promotion-Codes.png,1244
assets/img/voucherify/vvoucherify-custom-attribute-in-email.png,19007
assets/img/voucherify/vvoucherify-custom-attribute.png,2358
assets/img/voucherify/vvoucherify-custom-attributes-mapping.png,23975
assets/img/voucherify/vvoucherify-email-preview-custom-attribute.png,8101
assets/img/voucherify/vvoucherify-export-Codes.png,12458
assets/img/voucherify/vvoucherify-integrations-hub.png,5442
assets/img/voucherify/vvoucherify-manual-conditions.png,13178
assets/img/voucherify/vvoucherify-promotion-codes-details.png,7665
assets/img/voucherify/vvoucherify-promotion-codes-list-expiration.png,12207
assets/img/voucherify/vvoucherify-promotion-list-copy-snippet.png,13543
assets/img/voucherify/vvoucherify-promotion-list-snippet-email.png,21323
assets/img/voucherify/vvoucherify-redemption.png,5480
assets/img/web-gtm/gtm-actions-tag.png,74569
assets/img/web-gtm/gtm-community-gallery-search.png,92574
assets/img/webhook_icon.png,691
assets/img/whatsapp/catalog_experience.png,99575
assets/img/whatsapp/multi-product_catalog_opening.png,43366
assets/img/whatsapp/request_parameters.png,15161
assets/img/whatsapp/templates/example_carousel_cards-1.png,169815
assets/img/whatsapp/webhook_url.png,6796
assets/img/whatsapp/whatsapp10.png,45550
assets/img/whatsapp/whatsapp111.png,37158
assets/img/whatsapp/whatsapp112.png,52948
assets/img/whatsapp/whatsapp113.png,29605
assets/img/whatsapp/whatsapp114.png,191061
assets/img/whatsapp/whatsapp119.png,29588
assets/img/whatsapp/whatsapp120.png,109300
assets/img/whatsapp/whatsapp17.png,40260
assets/img/whatsapp/whatsapp2.gif,8813245
assets/img/whatsapp/whatsapp24.png,31085
assets/img/whatsapp/whatsapp26.png,15860
assets/img/whatsapp/whatsapp5.png,1623710
assets/img/whatsapp/whatsapp6.png,29831
assets/img/whatsapp/whatsapp_plain_text.png,32398
assets/img/windows_universal_icon.png,6284
assets/img/workspaces/workspace_level_permissions_individual.png,27245
assets/img/workspaces/workspace_level_permissions_set.png,40156
assets/img/wyng/3.png,12420
assets/img/wyng/6.png,17730
assets/img/yelpproductrecpushgf.png,75358
assets/img/zeotap/zeotap5.png,74502
assets/img/zoom/zoom7.png,13925
